CustomerID,Name,DateOfBirth,SignupDate,LastPurchaseDate,PurchaseAmount,Currency,LoyaltyPoints,Region,Email,SubscriptionType
1,Mark Cruz,09-13-1979,2020-05-04,2021-03-22,495.03,GBP,501.0,,,Standard
2,Mr. Christopher Maldonado DDS,04-27-2004,2020-08-21,2021-07-09,,GBP,958.0,West,m.christopher@gmail.com,Basic
3,Robert Black,06-22-1973,2020-10-09,2021-06-09,734.67,USD,144.0,West,r.black@gmail.com,
4,Denise Burnett,03-24-2012,2020-03-15,2021-06-16,662.94,EUR,200.0,South,d.burnett@yahoo.com,Basic
5,Eric Sutton,12-15-1989,2020-07-15,2021-10-18,213.8,GBP,928.0,East,,Basic
6,Connor Brewer,11-27-1987,2020-04-07,2021-11-02,164.43,USD,723.0,East,c.brewer@gmail.com,Basic
7,Jessica Bates,04-19-2011,2020-11-02,2021-02-13,67.5,USD,460.0,east,j.bates@gmail.com,Basic
8,Gloria Jones,05-15-2001,2020-09-17,2021-01-27,867.51,USD,731.0,North,g.jones@gmail.com,Basic
9,Bruce Miranda,05-19-1997,2020-03-10,2021-03-21,665.61,EUR,751.0,,b.miranda@yahoo.com,Standard
10,Rhonda Williams,06-02-1990,2020-02-05,2021-03-22,924.29,GBP,924.0,N/A,r.williams@gmail.com,Standard
11,Samuel Gonzalez,12-31-1989,2020-05-21,2021-11-13,30.38,USD,908.0,South,s.gonzalez@yahoo.com,Standard
12,Leonard Gardner,02-15-1972,2020-07-31,2021-01-26,1261.27,GBP,557.0,N/A,l.gardner@yahoo.com,Standard
13,Andrew Palmer,04-30-1987,2020-06-23,2021-12-12,834.12,USD,546.0,North,a.palmer@yahoo.com,Standard
14,Heather Anthony,,2020-09-16,2021-02-11,220.22,USD,252.0,South,h.anthony@gmail.com,Standard
15,Nicholas Brown,06-14-1999,2020-05-16,2021-05-20,247.01,GBP,389.0,West,n.brown@yahoo.com,Basic
16,Daniel Jordan,12-30-1994,2020-01-02,2021-08-15,210.73,EUR,593.0,South,d.jordan@outlook.com,Basic
17,Christina Williams,03-24-1976,2020-05-24,2021-12-05,342.32,EUR,882.0,North,c.williams@gmail.com,Basic
18,Eric Ramirez,01-16-1995,2020-06-01,2021-08-06,688.36,GBP,255.0,West,e.ramirez@gmail.com,Basic
19,Joseph Hunt,07-03-2001,2020-10-27,2021-09-06,568.92,GBP,708.0,West,j.hunt@gmail.com,Standard
20,Sean Rodriguez,09-14-2015,2020-10-23,2021-11-07,298.32,USD,814.0,South,s.rodriguez@gmail.com,Basic
21,Christopher Hernandez,11-09-2005,2020-12-03,2021-08-15,615.73,USD,920.0,East,c.hernandez@gmail.com,Standard
22,Natasha Sanchez,02-08-2018,2020-09-07,2021-08-01,192.53,GBP,449.0,North,n.sanchez@yahoo.com,Standard
23,Joseph Fuller,09-17-1999,2020-03-17,2021-05-20,388.99,GBP,9.0,North,j.fuller@yahoo.com,
24,Melissa Page,06-23-1972,2020-08-16,2021-04-21,484.51,GBP,,East,m.page@gmail.com,Basic
25,Yolanda Thompson,05-07-1980,2020-10-02,2021-09-20,507.66,EUR,,N/A,y.thompson@yahoo.com,
26,Anna Koch,06-08-1993,2020-09-04,2021-02-28,866.05,EUR,241.0,N/A,a.koch@gmail.com,Standard
27,Lisa Santos,01-08-1986,2020-06-25,2021-06-26,228.45,EUR,250.0,,l.santos@yahoo.com,Basic
28,Mr. Travis Ortega DVM,,2020-06-19,2021-08-09,674.82,GBP,876.0,East,m.travis@yahoo.com,Basic
29,Jessica Martinez,06-07-1973,2020-10-09,2021-02-26,775.44,GBP,4.0,East,j.martinez@yahoo.com,Standard
30,Dr. Eric Williams,09-23-1979,2020-10-05,2021-05-26,55.99,USD,118.0,West,d.eric@yahoo.com,Standard
31,Kerry Baldwin,12-26-2008,2020-07-12,2021-12-14,672.62,EUR,800.0,N/A,k.baldwin@outlook.com,
32,Nicholas Yang,01-05-2001,2020-08-21,2021-12-14,196.7,EUR,373.0,N/A,n.yang@gmail.com,Basic
33,David Simpson,02-21-1998,2020-06-13,2021-10-31,81.84,EUR,,West,d.simpson@outlook.com,Premium
34,Bryce Flores,02-24-2009,2020-04-06,2021-09-07,1044.34,EUR,145.0,South,b.flores@yahoo.com,Standard
35,Jason Miller,11-19-2015,2020-12-23,2021-09-27,1255.77,GBP,223.0,N/A,j.miller@outlook.com,Basic
36,Mrs. Angela Romero MD,05-17-1980,2020-05-02,2021-12-08,810.31,USD,238.0,West,,Standard
37,Marcus Rivera,07-23-2004,2020-10-19,2021-06-07,311.57,USD,176.0,east,,Standard
38,Joy Young,01-20-1987,2020-07-15,2021-01-24,106.7,USD,778.0,south,j.young@yahoo.com,Basic
39,Juan Owens,11-07-1992,2020-04-29,2021-04-23,,GBP,852.0,North,j.owens@outlook.com,Premium
40,Ashley Thompson,12-25-1973,2020-07-29,2021-07-22,490.33,EUR,281.0,East,,Standard
41,Gregory Little,02-13-2009,2020-01-23,2021-11-03,170.07,GBP,62.0,South,g.little@outlook.com,Basic
42,Bailey Martin,02-25-1970,2020-06-11,2021-01-29,550.25,EUR,216.0,West,b.martin@gmail.com,Basic
43,Zachary Taylor,08-23-2016,2020-08-30,2021-01-04,57.25,GBP,853.0,,z.taylor@gmail.com,Basic
44,Deanna Yoder,,2020-12-27,2021-04-15,910.23,USD,826.0,South,d.yoder@outlook.com,Basic
45,,09-05-1987,2020-07-14,2021-06-04,266.19,USD,794.0,North,n.alexander@gmail.com,Basic
46,Gregory Green,09-04-2002,2020-07-16,2021-04-19,665.9,USD,688.0,East,,Standard
47,Jessica Levy,09-10-2008,2020-12-05,2021-03-12,318.59,USD,460.0,East,,Basic
48,Tracie Daniel,04-11-1976,2020-11-29,2021-05-11,,EUR,928.0,,t.daniel@gmail.com,Basic
49,Jennifer Peterson,08-16-1999,2020-03-18,2021-05-29,716.61,GBP,609.0,South,,Basic
50,Matthew Molina,03-01-1998,2020-09-10,2021-06-17,212.31,EUR,104.0,South,m.molina@outlook.com,Standard
51,James Davis,03-07-1981,2020-01-19,2021-03-03,1260.86,GBP,,N/A,j.davis@yahoo.com,Basic
52,,12-10-1996,2020-03-05,2021-01-04,777.38,USD,510.0,West,j.bean@outlook.com,Standard
53,Mary Morrison,07-01-2015,2020-09-14,2021-09-12,940.1,USD,384.0,West,,Basic
54,Rachael Peterson,09-30-1997,2020-10-29,2021-08-09,895.88,USD,404.0,N/A,r.peterson@yahoo.com,Standard
55,Thomas Smith,08-22-2006,2020-06-18,2021-03-31,782.5,GBP,822.0,East,t.smith@outlook.com,
56,Melissa Rose,04-07-1999,2020-02-21,2021-03-08,922.66,USD,517.0,North,m.rose@yahoo.com,Basic
57,Cynthia Wagner,02-06-2006,2020-08-13,2021-07-14,107.37,EUR,475.0,West,c.wagner@gmail.com,Basic
58,Anne Brown,07-11-1996,2020-02-21,2021-09-30,224.42,EUR,976.0,north,a.brown@outlook.com,Basic
59,Mackenzie Lewis,06-02-1981,2020-09-26,2021-12-27,60.26,EUR,708.0,South,m.lewis@gmail.com,Basic
60,Scott Cain,03-19-1987,2020-08-21,2021-04-28,431.7,GBP,862.0,South,s.cain@yahoo.com,Premium
61,Tracy Smith,09-21-2007,2020-01-08,2021-09-14,434.27,EUR,644.0,West,t.smith@outlook.com,Premium
62,Theresa Silva,01-06-2004,2020-03-14,2021-10-14,278.64,USD,869.0,East,,Standard
63,Leslie Johnson PhD,08-12-1985,2020-07-28,2021-12-09,1079.58,GBP,770.0,South,l.johnson@yahoo.com,Standard
64,,12-31-1996,2020-12-01,2021-07-01,363.19,USD,436.0,,a.huynh@outlook.com,Standard
65,April Freeman,06-07-2006,2020-03-20,2021-02-06,374.57,GBP,22.0,East,a.freeman@yahoo.com,Basic
66,Sarah Spencer,02-27-2019,2020-02-08,2021-07-23,602.0,EUR,996.0,West,s.spencer@gmail.com,Standard
67,Julie Hamilton,01-14-1970,2020-08-28,2021-01-22,149.51,USD,,South,j.hamilton@yahoo.com,Basic
68,Sarah Allison,04-06-1997,2020-05-15,2021-08-12,804.18,USD,676.0,,,Basic
69,Sarah Tran,09-28-1995,2020-06-22,2021-01-10,108.95,GBP,713.0,East,,Basic
70,Lori Wall,11-09-1988,2020-11-15,2021-08-24,987.02,USD,457.0,East,l.wall@yahoo.com,Basic
71,Bryan Russell,07-26-2008,2020-12-20,2021-02-09,851.97,EUR,82.0,East,,Standard
72,,11-29-1998,2020-07-22,2021-06-10,268.75,GBP,144.0,N/A,c.johnson@outlook.com,Basic
73,Melissa Johnson DDS,09-19-2011,2020-11-28,2021-10-22,,USD,84.0,N/A,m.johnson@gmail.com,
74,Brent Berg PhD,08-20-2009,2020-02-11,2021-08-08,1062.5,GBP,77.0,North,,Standard
75,Michael Price,09-01-2009,2020-06-17,2021-10-21,,USD,456.0,East,m.price@gmail.com,Standard
76,Taylor Levy,03-04-1989,2020-12-11,2021-07-27,804.89,EUR,877.0,East,t.levy@outlook.com,
77,Jeffrey Miller,11-11-2015,2020-09-30,2021-12-30,850.92,EUR,0.0,South,j.miller@outlook.com,
78,Nicholas Bernard,06-14-2012,2020-07-13,2021-11-24,91.63,EUR,50.0,North,,Basic
79,Cindy Guerrero,03-23-1985,2020-06-11,2021-08-02,401.37,EUR,684.0,North,c.guerrero@yahoo.com,Standard
80,Steven Johnson,08-10-1977,2020-11-16,2021-05-29,124.71,USD,716.0,West,s.johnson@outlook.com,Basic
81,Kenneth Fisher,06-18-1995,2020-09-06,2021-02-28,950.92,EUR,771.0,,k.fisher@gmail.com,Standard
82,Cindy Wu,03-30-2016,2020-10-04,2021-07-27,815.19,GBP,445.0,,c.wu@outlook.com,
83,Alexander Barton,01-27-2000,2020-01-19,2021-01-11,337.59,USD,448.0,West,a.barton@outlook.com,
84,Erica Lee,05-19-1978,2020-11-12,2021-06-16,80.21,EUR,880.0,N/A,e.lee@gmail.com,
85,Kaitlyn Garcia,01-27-1991,2020-02-05,2021-03-29,413.23,GBP,487.0,,,Premium
86,Mr. John Long DDS,11-06-1997,2020-04-30,2021-11-13,331.93,USD,799.0,North,m.john@outlook.com,Standard
87,Teresa Cox,02-26-1990,2020-11-19,2021-08-24,952.0,GBP,33.0,East,t.cox@yahoo.com,Basic
88,Krista Gonzalez,11-13-1987,2020-12-16,2021-12-20,641.18,USD,347.0,East,k.gonzalez@yahoo.com,Basic
89,Todd Henry,03-22-1983,2020-05-27,2021-07-05,1154.84,GBP,94.0,n/a,t.henry@yahoo.com,Basic
90,Katelyn Underwood,03-11-1972,2020-04-26,2021-02-15,525.24,EUR,71.0,South,k.underwood@gmail.com,Standard
91,Rachel Williams,02-23-1974,2020-02-16,2021-08-12,166.92,GBP,550.0,South,r.williams@yahoo.com,Premium
92,John Murphy,12-20-1991,2020-08-10,2021-02-24,930.94,GBP,153.0,South,j.murphy@yahoo.com,Basic
93,Fred Davis,08-17-2012,2020-02-20,2021-05-05,763.18,USD,249.0,West,f.davis@gmail.com,Standard
94,Crystal Rowland,07-14-1976,2020-11-20,2021-08-12,565.66,USD,673.0,South,c.rowland@yahoo.com,Basic
95,Madison Norris,11-10-2010,2020-12-26,2021-10-29,850.59,EUR,437.0,West,m.norris@yahoo.com,Basic
96,Mike Williams,03-08-2007,2020-02-21,2021-07-25,648.52,GBP,117.0,N/A,m.williams@gmail.com,Standard
97,Ronald Chen,,2020-08-15,2021-09-26,685.76,GBP,770.0,East,r.chen@gmail.com,Basic
98,Lindsay Smith,06-13-2004,2020-03-26,2021-02-10,563.25,GBP,890.0,West,l.smith@outlook.com,Basic
99,Olivia Schwartz,05-09-2014,2020-12-21,2021-07-22,45.71,GBP,305.0,N/A,o.schwartz@outlook.com,Premium
100,Andrew Davis,11-08-2005,2020-06-02,2021-06-08,128.49,EUR,267.0,West,a.davis@outlook.com,Premium
101,Robert Lowe,11-21-1991,2020-01-15,2021-06-23,41.11,USD,960.0,N/A,r.lowe@yahoo.com,Premium
102,Matthew White,03-29-1983,2020-01-24,2021-04-24,832.06,GBP,53.0,South,m.white@yahoo.com,Standard
103,Melissa Mccoy,07-01-1970,2020-06-15,2021-06-20,353.33,EUR,235.0,South,m.mccoy@yahoo.com,Standard
104,Robert Montgomery,07-25-1979,2020-01-29,2021-03-28,564.83,EUR,388.0,,r.montgomery@gmail.com,
105,Charles Santos,02-22-2008,2020-05-30,2021-02-09,999.34,EUR,989.0,North,c.santos@yahoo.com,Basic
106,Travis Bishop,,2020-07-02,2021-09-19,282.48,EUR,733.0,N/A,t.bishop@outlook.com,Basic
107,Timothy Howe,10-12-1985,2020-07-10,2021-11-21,457.91,EUR,762.0,West,t.howe@gmail.com,Standard
108,Whitney Weiss,06-20-2016,2020-08-08,2021-02-28,758.0,USD,824.0,N/A,w.weiss@gmail.com,Basic
109,Cheryl Webb,09-05-2011,2020-03-15,2021-09-29,260.16,EUR,,East,c.webb@gmail.com,
110,Sydney Long,07-04-1974,2020-05-05,2021-09-19,86.21,USD,623.0,North,,
111,Yolanda Jackson,05-10-1992,2020-09-28,2021-04-10,385.9,GBP,766.0,N/A,y.jackson@outlook.com,Standard
112,,11-20-1980,2020-07-29,2021-06-28,220.49,GBP,,North,j.jones@outlook.com,Basic
113,Tracey Burnett,12-14-2010,2020-10-16,2021-06-29,930.4,USD,918.0,North,t.burnett@gmail.com,Basic
114,Thomas Boyd,12-18-1981,2020-12-15,2021-11-27,810.04,USD,206.0,N/A,t.boyd@gmail.com,Standard
115,Mark James,09-08-2011,2020-04-02,2021-03-17,828.19,GBP,228.0,N/A,m.james@yahoo.com,Basic
116,Aaron Walker,08-26-2017,2020-03-28,2021-05-01,960.03,EUR,852.0,South,,Standard
117,Shelia Alexander,06-20-1998,2020-03-30,2021-02-22,1047.33,GBP,909.0,N/A,s.alexander@outlook.com,Standard
118,Tiffany Molina,09-15-2009,2020-02-10,2021-03-16,214.17,EUR,577.0,N/A,,Basic
119,Suzanne Pearson,04-15-2015,2020-11-08,2021-05-12,982.99,EUR,74.0,South,s.pearson@yahoo.com,Premium
120,Matthew Hill,04-14-2008,2020-07-14,2021-04-12,543.95,USD,434.0,South,,
121,Dylan Mclean,02-25-2019,2020-11-13,2021-03-30,809.37,USD,102.0,East,d.mclean@outlook.com,Standard
122,Kevin Daugherty MD,01-02-2010,2020-12-15,2021-11-05,1166.27,GBP,421.0,N/A,k.daugherty@yahoo.com,Basic
123,Michael Miller,04-12-1984,2020-05-03,2021-03-20,422.27,GBP,703.0,west,m.miller@outlook.com,Premium
124,James Nelson,08-02-2012,2020-09-11,2021-12-02,118.95,USD,763.0,north,j.nelson@gmail.com,Standard
125,Jessica Kerr,05-18-2010,2020-10-25,2021-02-08,306.36,GBP,737.0,South,j.kerr@outlook.com,Premium
126,Theresa Yates,04-03-1993,2020-03-14,2021-04-01,432.84,USD,805.0,N/A,t.yates@gmail.com,Basic
127,,03-07-1992,2020-04-28,2021-11-18,,USD,305.0,West,r.booker@gmail.com,Standard
128,Danielle Allen,,2020-08-24,2021-09-10,1120.76,GBP,97.0,North,d.allen@yahoo.com,
129,Charles Myers,10-07-2016,2020-11-22,2021-08-26,18.57,EUR,849.0,,c.myers@yahoo.com,Basic
130,Richard Miller,06-23-2013,2020-05-10,2021-10-16,567.2,EUR,797.0,West,r.miller@yahoo.com,
131,Christopher Powell,06-19-1991,2020-08-23,2021-10-24,423.24,USD,334.0,North,c.powell@outlook.com,Premium
132,Virginia Jones,08-21-1994,2020-05-10,2021-08-18,298.86,GBP,858.0,West,v.jones@yahoo.com,Basic
133,Dustin Smith,06-18-2009,2020-12-07,2021-12-15,141.54,EUR,434.0,South,d.smith@yahoo.com,
134,Samantha Moore,12-13-1976,2020-01-05,2021-10-17,344.24,USD,446.0,N/A,s.moore@outlook.com,
135,Eric Aguirre,08-20-1995,2020-08-26,2021-11-26,943.48,USD,993.0,West,e.aguirre@yahoo.com,
136,Amber Rollins,01-14-1991,2020-05-27,2021-11-22,428.96,GBP,307.0,West,a.rollins@outlook.com,
137,Emily Cook,05-18-1994,2020-12-12,2021-11-16,680.68,GBP,248.0,N/A,e.cook@outlook.com,Standard
138,Ann Cook,02-18-2000,2020-10-06,2021-06-15,,USD,,North,a.cook@gmail.com,Premium
139,Rachel Ramos,09-07-1998,2020-03-21,2021-11-18,406.99,EUR,480.0,N/A,r.ramos@gmail.com,Standard
140,Joshua Jackson,06-17-2018,2020-02-07,2021-06-11,1263.68,GBP,983.0,West,j.jackson@yahoo.com,Basic
141,Nina Price,03-25-1977,2020-08-14,2021-03-19,1251.67,GBP,334.0,,n.price@outlook.com,Premium
142,Dr. William Pearson,,2020-06-25,2021-08-14,337.04,GBP,541.0,North,d.william@gmail.com,Basic
143,Jacob Walker Jr.,07-14-1983,2020-10-27,2021-02-04,,EUR,758.0,West,j.walker@gmail.com,Basic
144,Kristen Simmons,09-30-1990,2020-06-02,2021-08-29,338.66,EUR,105.0,East,k.simmons@gmail.com,Basic
145,Amanda Stephens,05-13-2004,2020-11-23,2021-08-15,291.99,USD,562.0,North,a.stephens@gmail.com,Premium
146,Lauren Singh,,2020-08-05,2021-11-20,60.48,GBP,,South,l.singh@yahoo.com,Basic
147,Cole Anderson,03-12-1989,2020-12-19,2021-06-05,674.82,EUR,132.0,N/A,c.anderson@gmail.com,Premium
148,Keith Gonzalez,10-06-1975,2020-05-08,2021-05-21,558.42,EUR,796.0,North,k.gonzalez@yahoo.com,Standard
149,Amy Francis,03-22-2007,2020-08-21,2021-10-30,79.25,GBP,899.0,North,a.francis@outlook.com,
150,Heidi Garcia,07-27-2006,2020-06-03,2021-01-29,314.45,EUR,137.0,West,h.garcia@yahoo.com,Standard
151,Susan Ponce,09-08-1999,2020-04-11,2021-06-30,909.18,USD,183.0,East,s.ponce@gmail.com,Basic
152,Kelli Kidd,,2020-07-15,2021-09-17,271.89,EUR,400.0,North,k.kidd@outlook.com,Standard
153,Christian Lee,10-20-2011,2020-09-04,2021-02-07,168.8,EUR,329.0,N/A,c.lee@outlook.com,Standard
154,Angel Martinez PhD,04-21-2007,2020-02-24,2021-06-08,494.56,USD,784.0,North,,Standard
155,Samuel Garrett,,2020-05-01,2021-08-25,1281.53,GBP,507.0,,s.garrett@outlook.com,Standard
156,Megan Smith,07-22-1988,2020-07-14,2021-08-20,274.59,EUR,851.0,West,m.smith@yahoo.com,Standard
157,Angela Bond,09-11-2007,2020-10-19,2021-01-20,675.41,USD,983.0,,a.bond@outlook.com,Standard
158,Bruce Rogers,12-10-2004,2020-07-02,2021-01-30,993.2,GBP,68.0,East,b.rogers@yahoo.com,Standard
159,Terry Avila,10-03-1971,2020-10-21,2021-07-08,245.26,USD,545.0,West,t.avila@gmail.com,
160,Gilbert Morris,02-16-2004,2020-05-31,2021-05-27,804.02,EUR,773.0,South,g.morris@yahoo.com,Premium
161,Edward Pennington,10-16-2012,2020-12-24,2021-02-09,374.11,USD,52.0,South,,Standard
162,,07-13-1970,2020-05-31,2021-11-27,699.58,EUR,449.0,West,e.christian@gmail.com,Standard
163,Gregory Richards,07-23-2001,2020-01-12,2021-02-16,828.35,GBP,204.0,east,g.richards@yahoo.com,Basic
164,Jaime Kirk,10-15-1996,2020-12-03,2021-11-11,702.55,GBP,125.0,West,j.kirk@yahoo.com,
165,Crystal Cox,12-27-2004,2020-07-21,2021-11-01,,USD,746.0,West,c.cox@outlook.com,Basic
166,Erin Oconnor,08-05-2007,2020-05-20,2021-09-17,920.65,EUR,,West,e.oconnor@yahoo.com,Premium
167,Bridget Walker,04-15-2018,2020-01-05,2021-07-16,425.84,GBP,751.0,West,b.walker@outlook.com,
168,Lisa Schwartz,12-30-2018,2020-10-16,2021-08-25,,USD,970.0,North,l.schwartz@gmail.com,Standard
169,Kevin Dunlap,10-14-1989,2020-12-17,2021-10-25,65.48,GBP,882.0,N/A,k.dunlap@outlook.com,Standard
170,Elizabeth Gregory,10-20-2013,2020-01-26,2021-10-11,773.47,GBP,110.0,South,e.gregory@outlook.com,Premium
171,Martin Hudson,09-08-1989,2020-11-06,2021-01-22,748.87,EUR,760.0,East,m.hudson@gmail.com,Basic
172,Belinda Smith,06-27-1994,2020-09-11,2021-08-19,34.35,GBP,662.0,North,b.smith@outlook.com,Basic
173,Kenneth Lynch,02-06-2009,2020-05-26,2021-10-20,672.06,GBP,,South,k.lynch@gmail.com,
174,Bianca Li,07-27-2013,2020-04-27,2021-11-30,257.65,EUR,847.0,N/A,b.li@yahoo.com,Basic
175,Andrew Alexander,08-09-1972,2020-11-06,2021-04-07,843.34,GBP,94.0,West,a.alexander@yahoo.com,Premium
176,Vickie Kerr,11-20-2004,2020-06-29,2021-06-14,237.41,GBP,,N/A,,Premium
177,Allison Thornton,02-27-2000,2020-04-22,2021-11-06,763.43,EUR,373.0,South,a.thornton@yahoo.com,Basic
178,Dana Hudson,04-10-2006,2020-11-21,2021-09-01,432.16,EUR,911.0,South,d.hudson@gmail.com,Basic
179,Jeffrey Bean,10-22-1984,2020-04-07,2021-09-14,1218.57,GBP,519.0,North,j.bean@yahoo.com,Premium
180,,12-07-2011,2020-11-13,2021-03-19,190.0,GBP,899.0,North,,Standard
181,Michael Garcia,06-14-1981,2020-05-08,2021-02-01,451.96,GBP,359.0,East,m.garcia@yahoo.com,Basic
182,Matthew Clark,12-02-2017,2020-12-13,2021-08-19,159.04,GBP,899.0,West,m.clark@outlook.com,Standard
183,Donald Bryant,06-02-1972,2020-12-03,2021-02-22,925.45,USD,695.0,N/A,d.bryant@yahoo.com,Premium
184,Barbara Harvey,05-08-2005,2020-12-14,2021-06-25,,GBP,280.0,West,b.harvey@yahoo.com,Premium
185,Yvonne Stanley,06-07-1972,2020-03-11,2022-01-01,291.9,EUR,194.0,,y.stanley@yahoo.com,Premium
186,Michael Garcia,07-13-1977,2020-11-17,2021-02-13,729.72,EUR,863.0,West,m.garcia@gmail.com,Standard
187,Melissa Pena,06-14-2008,2020-02-19,2021-09-16,900.96,EUR,194.0,South,m.pena@gmail.com,
188,Jason Henry,03-05-1982,2020-11-17,2021-11-27,615.62,EUR,666.0,south,j.henry@outlook.com,Basic
189,Michele Kent,06-03-2011,2020-11-26,2021-03-30,,GBP,92.0,West,,
190,Marie Cole,04-21-1986,2020-01-21,2021-01-21,324.26,GBP,671.0,East,m.cole@yahoo.com,Standard
191,Dawn Reed,07-06-1974,2020-06-07,2021-05-07,102.17,USD,945.0,,d.reed@yahoo.com,Basic
192,Jaime Lopez,05-04-1993,2020-08-13,2021-12-29,1167.71,GBP,60.0,East,j.lopez@gmail.com,Basic
193,Jacob Alexander,01-05-2004,2020-01-18,2021-08-13,,EUR,633.0,South,j.alexander@yahoo.com,Basic
194,Suzanne Garcia,05-15-1999,2020-10-23,2021-08-13,827.8,GBP,50.0,North,s.garcia@outlook.com,Basic
195,Christopher Mann,12-27-1988,2020-07-05,2021-09-26,345.64,USD,402.0,North,c.mann@outlook.com,Basic
196,Michael Williams,10-17-2010,2020-03-08,2021-09-25,462.44,GBP,788.0,West,,Standard
197,,04-29-1999,2020-02-16,2021-11-09,947.31,GBP,4.0,N/A,,Premium
198,Jacob Baker,04-12-2000,2020-05-31,2021-03-23,987.95,EUR,465.0,north,j.baker@outlook.com,Standard
199,Crystal Roberts,01-06-2004,2020-06-16,2021-07-06,888.22,USD,603.0,south,c.roberts@outlook.com,Standard
200,Kyle Watkins,12-18-1994,2020-07-31,2021-07-10,1016.7,GBP,681.0,South,k.watkins@gmail.com,Standard
201,Mary Moreno,,2020-03-30,2021-05-25,839.29,GBP,828.0,North,m.moreno@gmail.com,Premium
202,Tracey Perez,08-19-1992,2020-04-12,2021-07-18,,USD,533.0,North,t.perez@gmail.com,Standard
203,Adam Arnold,05-07-1977,2020-03-08,2021-07-29,221.01,GBP,404.0,,a.arnold@yahoo.com,Basic
204,Jonathan Murphy,03-12-2012,2020-10-03,2021-06-23,899.57,USD,,North,j.murphy@gmail.com,Standard
205,Danny Garcia,09-28-1971,2020-07-06,2021-12-14,610.36,USD,512.0,West,d.garcia@gmail.com,Basic
206,Victoria Mccormick,05-24-2018,2020-09-28,2021-11-03,21.02,EUR,644.0,N/A,v.mccormick@yahoo.com,Standard
207,Breanna Fleming,09-03-1974,2020-09-13,2021-01-27,,GBP,232.0,North,b.fleming@outlook.com,Standard
208,Amber Jones,05-25-2001,2020-05-19,2021-11-20,666.87,USD,523.0,South,a.jones@gmail.com,
209,Caitlin Haynes,02-12-1990,2020-03-25,2021-11-28,15.01,USD,345.0,North,c.haynes@yahoo.com,Premium
210,Matthew Clark,02-27-1976,2020-05-11,2021-06-21,169.2,USD,45.0,West,m.clark@gmail.com,Standard
211,Terry Schneider,08-12-1973,2020-09-03,2021-02-03,608.58,EUR,545.0,West,,Premium
212,Gina Ferguson,10-13-1972,2020-05-31,2021-06-18,903.47,GBP,944.0,South,g.ferguson@yahoo.com,Standard
213,Robert Hopkins,03-08-1992,2020-06-22,2021-02-18,,EUR,77.0,N/A,r.hopkins@outlook.com,Basic
214,Julian Odonnell,11-20-1987,2020-02-28,2021-10-13,255.23,EUR,729.0,South,j.odonnell@yahoo.com,Basic
215,Bradley Franco,10-30-1971,2020-08-27,2021-12-14,715.06,USD,812.0,North,b.franco@gmail.com,Basic
216,Zachary Monroe,09-03-1983,2020-02-08,2021-07-17,244.88,USD,922.0,south,z.monroe@outlook.com,Standard
217,Amanda Turner,05-27-1991,2020-03-13,2021-05-26,332.15,USD,72.0,N/A,,Basic
218,Ricardo Palmer,04-29-1981,2020-04-25,2021-05-10,749.03,USD,793.0,East,r.palmer@yahoo.com,Basic
219,Tyler Stone,06-26-2012,2020-12-12,2021-12-03,718.45,EUR,248.0,South,t.stone@outlook.com,Standard
220,,04-06-1980,2020-12-11,2021-11-05,850.73,USD,,,,Basic
221,Brooke Lopez,07-22-1989,2020-07-22,2021-03-18,859.35,GBP,120.0,East,b.lopez@yahoo.com,Basic
222,George Gonzales,09-21-2011,2020-10-12,2021-06-20,629.89,EUR,213.0,N/A,g.gonzales@yahoo.com,
223,Natalie Brown,12-27-1992,2020-07-06,2021-02-11,102.74,USD,238.0,N/A,n.brown@yahoo.com,Premium
224,William Patterson,02-04-2003,2020-02-16,2021-10-26,486.25,GBP,55.0,East,w.patterson@gmail.com,Basic
225,Nathan King,01-20-1985,2020-07-21,2021-12-06,272.55,USD,349.0,South,n.king@yahoo.com,Basic
226,Preston Harrison,04-11-1980,2020-01-08,2021-03-14,327.02,GBP,106.0,,,Basic
227,,09-10-1984,2020-05-15,2021-06-29,973.28,USD,830.0,South,j.lopez@outlook.com,Basic
228,Roy Finley,11-27-1997,2020-10-01,2021-06-08,399.17,USD,47.0,N/A,,Standard
229,Amy Peterson,09-13-1979,2020-03-04,2021-12-02,982.44,EUR,572.0,South,a.peterson@yahoo.com,
230,Deborah Young,04-21-1972,2020-08-20,2021-12-24,634.83,USD,336.0,West,d.young@outlook.com,Basic
231,Ana Lewis,12-27-1997,2020-07-07,2021-12-06,1035.92,GBP,25.0,East,a.lewis@outlook.com,Standard
232,Duane Gutierrez,09-03-2003,2020-12-10,2021-07-20,,GBP,803.0,East,d.gutierrez@yahoo.com,Standard
233,Cheryl Lopez,08-02-2005,2020-12-10,2021-03-08,,EUR,256.0,North,c.lopez@outlook.com,Basic
234,Kevin Salinas,10-17-1987,2020-05-14,2021-11-01,497.59,USD,7.0,,k.salinas@gmail.com,Standard
235,Sarah Solis,10-26-1976,2020-10-26,2021-12-29,,EUR,624.0,N/A,s.solis@gmail.com,Basic
236,Courtney Reilly,10-15-1991,2020-07-14,2021-02-13,725.23,USD,866.0,,c.reilly@gmail.com,Standard
237,Elizabeth Marks,02-22-1979,2020-11-22,2021-06-08,316.76,EUR,252.0,West,e.marks@gmail.com,Premium
238,Trevor Morris,01-21-1997,2020-07-09,2021-10-14,34.07,USD,691.0,N/A,t.morris@outlook.com,Premium
239,Edward Wong,11-10-1980,2020-02-25,2021-07-12,649.02,USD,718.0,West,e.wong@gmail.com,Standard
240,Kenneth Marshall,09-07-1973,2020-12-11,2021-11-26,203.87,EUR,302.0,North,k.marshall@yahoo.com,Basic
241,John Lopez,02-24-2001,2020-04-29,2021-06-18,1035.16,EUR,638.0,East,j.lopez@yahoo.com,Basic
242,Dr. Jessica Moody,10-17-2017,2020-08-29,2021-03-07,1049.83,EUR,55.0,west,d.jessica@gmail.com,Basic
243,Stephanie Franco,06-07-2008,2020-01-13,2021-12-10,1007.29,EUR,725.0,N/A,s.franco@yahoo.com,Basic
244,Julie Cummings,03-31-2003,2020-11-13,2021-12-26,376.46,USD,525.0,East,j.cummings@gmail.com,
245,James Patrick,03-09-1976,2020-10-14,2021-12-17,25.3,USD,473.0,West,,Premium
246,Rick Dorsey,05-24-2015,2020-06-16,2021-09-27,1207.75,GBP,27.0,West,r.dorsey@gmail.com,Basic
247,Elizabeth Robinson,08-12-2000,2020-11-08,2021-02-17,433.9,USD,982.0,South,e.robinson@yahoo.com,Basic
248,Kristin Williams,02-19-1971,2020-04-23,2021-11-27,1063.69,EUR,77.0,East,k.williams@yahoo.com,
249,Jonathan Garcia,09-08-2007,2020-11-27,2021-12-10,1060.38,EUR,,West,j.garcia@gmail.com,Basic
250,Amber Sims,12-23-2013,2020-02-02,2021-08-05,,USD,385.0,South,a.sims@gmail.com,Premium
251,Sharon Gomez,06-21-1979,2020-11-21,2021-09-18,,GBP,364.0,N/A,s.gomez@gmail.com,Basic
252,Heather Brock,11-22-2008,2020-08-25,2021-07-05,508.62,GBP,665.0,West,h.brock@gmail.com,Premium
253,David Johnson,06-30-2002,2020-12-24,2021-01-10,852.63,USD,525.0,South,d.johnson@outlook.com,
254,Daniel Jordan,03-31-2011,2020-06-03,2021-07-05,356.13,EUR,,south,d.jordan@gmail.com,Basic
255,Mary Burns,09-23-1983,2020-11-28,2021-06-08,195.58,EUR,311.0,East,m.burns@yahoo.com,Premium
256,Alan Larson,01-26-2009,2020-07-28,2021-04-03,561.23,USD,882.0,south,a.larson@gmail.com,Basic
257,Jon Flores,10-20-1985,2020-02-29,2021-04-20,1217.83,GBP,6.0,West,j.flores@outlook.com,Standard
258,Lisa Smith,10-22-2016,2020-03-12,2021-06-24,699.07,USD,2.0,North,l.smith@yahoo.com,Basic
259,Andrew Valenzuela,03-26-1994,2020-01-24,2021-09-06,574.36,USD,622.0,N/A,a.valenzuela@outlook.com,Standard
260,Kimberly Smith,04-13-2018,2020-01-20,2021-04-09,106.2,USD,918.0,West,k.smith@gmail.com,Basic
261,David Williams,,2020-06-04,2021-04-26,618.86,USD,749.0,West,d.williams@yahoo.com,Basic
262,Angela Boyle,09-15-2011,2020-09-09,2021-03-12,1089.16,EUR,362.0,N/A,a.boyle@gmail.com,Standard
263,Amy Gilmore,01-28-2009,2020-02-29,2021-03-21,163.55,EUR,750.0,N/A,a.gilmore@yahoo.com,Standard
264,Kathryn Miranda,01-29-1994,2020-02-19,2021-02-09,,USD,507.0,South,k.miranda@yahoo.com,Standard
265,Robert Edwards,12-01-1998,2020-04-30,2021-06-01,1142.18,GBP,273.0,West,r.edwards@yahoo.com,Basic
266,Mackenzie Reed,,2020-10-02,2021-02-21,743.36,USD,505.0,South,,
267,Cody Roberts,10-10-1977,2020-03-10,2021-09-17,770.06,EUR,805.0,East,c.roberts@gmail.com,Standard
268,Eric Sawyer,01-09-1995,2020-07-17,2021-10-04,776.01,EUR,738.0,South,e.sawyer@outlook.com,Premium
269,Michael Chen,06-11-2010,2020-08-20,2021-09-27,475.67,GBP,882.0,East,m.chen@outlook.com,Basic
270,Willie Grant,11-17-1991,2020-07-08,2021-01-20,300.66,USD,14.0,North,w.grant@gmail.com,Basic
271,George Rodriguez,09-10-2011,2020-12-09,2021-12-05,892.4,EUR,191.0,west,g.rodriguez@gmail.com,Premium
272,Caroline Summers,01-01-2004,2020-12-22,2021-06-22,893.21,EUR,984.0,East,,Premium
273,Christopher Burns,03-07-2000,2020-10-03,2021-11-13,868.4,USD,630.0,North,c.burns@yahoo.com,Standard
274,David Gonzales,07-29-1972,2020-08-02,2021-03-09,914.11,USD,,N/A,d.gonzales@outlook.com,Standard
275,Samantha Marsh,05-07-2014,2020-10-27,2021-11-02,671.1,GBP,27.0,South,s.marsh@outlook.com,Basic
276,Bryan Ortega,02-28-1999,2020-03-20,2021-07-12,658.45,GBP,713.0,North,b.ortega@outlook.com,Premium
277,Sara Weber,04-25-1986,2020-07-31,2021-03-20,1040.4,GBP,38.0,East,s.weber@outlook.com,Standard
278,Claudia Martin,09-28-2013,2020-12-01,2021-03-25,653.46,USD,952.0,West,c.martin@outlook.com,Basic
279,Theresa Nguyen,01-11-1989,2020-02-20,2021-04-03,704.95,USD,272.0,N/A,t.nguyen@yahoo.com,Standard
280,Eric Smith,10-31-2001,2020-09-07,2021-12-21,1037.18,GBP,230.0,n/a,e.smith@gmail.com,Standard
281,Stuart Martin,03-06-1993,2020-11-11,2021-11-16,980.22,EUR,,North,s.martin@yahoo.com,Standard
282,Mary Ruiz,07-14-2000,2020-07-27,2021-03-26,379.08,EUR,473.0,North,m.ruiz@yahoo.com,Standard
283,Susan Gross,02-02-1995,2020-05-23,2021-08-13,381.83,USD,125.0,South,s.gross@yahoo.com,Basic
284,Walter Hall,,2020-01-17,2021-01-23,113.34,EUR,811.0,N/A,w.hall@gmail.com,Premium
285,Rebecca Spencer,11-29-1970,2020-12-19,2021-07-30,582.5,USD,536.0,N/A,r.spencer@gmail.com,Basic
286,Adam Shepherd,05-07-2016,2020-07-08,2021-07-06,59.25,GBP,144.0,South,a.shepherd@outlook.com,Basic
287,Gerald Weber,02-21-1987,2020-04-21,2021-12-13,470.94,USD,524.0,West,g.weber@yahoo.com,Basic
288,James Prince,09-06-1977,2020-08-15,2021-05-02,547.22,USD,211.0,South,j.prince@outlook.com,
289,Mark Vasquez,08-27-1991,2020-08-15,2021-08-16,293.68,USD,24.0,East,,Premium
290,Amanda Delgado,06-18-2006,2020-04-30,2021-11-09,654.41,EUR,,East,a.delgado@gmail.com,
291,Tanya Parker,10-31-2013,2020-07-04,2021-05-26,40.2,USD,393.0,North,t.parker@gmail.com,
292,Anna Sanchez,07-24-1991,2020-02-20,2021-08-18,51.67,EUR,66.0,south,a.sanchez@gmail.com,Basic
293,Kevin Roach,09-17-2012,2020-12-17,2021-04-30,1071.68,GBP,232.0,South,k.roach@yahoo.com,Standard
294,Thomas Jones,01-13-2014,2020-07-07,2021-10-01,476.57,GBP,108.0,North,t.jones@outlook.com,Basic
295,James Cortez DVM,03-17-2010,2020-10-05,2021-05-03,149.37,EUR,145.0,West,j.cortez@gmail.com,
296,Sherri Davis,07-20-1971,2020-11-26,2021-06-08,,USD,,South,s.davis@outlook.com,
297,Nicole Hudson,05-08-1978,2020-07-02,2021-08-29,1003.98,GBP,227.0,N/A,n.hudson@gmail.com,Standard
298,Randy Johns,05-25-1996,2020-02-01,2021-04-10,,USD,110.0,South,r.johns@outlook.com,Basic
299,Dawn Valdez,11-18-1989,2020-07-22,2021-07-08,689.33,EUR,469.0,West,d.valdez@outlook.com,Basic
300,Terry Thompson,04-13-2006,2020-05-21,2021-12-14,94.49,USD,33.0,South,t.thompson@gmail.com,Basic
301,Alicia Gonzalez,10-30-1991,2020-04-07,2021-10-20,79.51,GBP,622.0,N/A,a.gonzalez@gmail.com,Basic
302,,06-21-1997,2020-03-03,2021-08-14,536.04,USD,775.0,East,e.miles@outlook.com,Standard
303,Jasmine Figueroa,02-09-2003,2020-08-20,2021-08-25,708.8,GBP,935.0,East,j.figueroa@yahoo.com,Basic
304,Abigail Ayala,06-16-2012,2020-02-16,2021-05-25,641.06,USD,368.0,West,,Basic
305,Amber Fox,08-19-2017,2020-12-05,2021-07-15,947.48,GBP,747.0,west,a.fox@gmail.com,Premium
306,Victoria Baker,11-03-2000,2020-04-18,2021-09-15,1268.92,GBP,594.0,N/A,v.baker@yahoo.com,
307,Barbara Norton,03-04-2008,2020-11-24,2021-09-28,677.48,GBP,553.0,East,b.norton@yahoo.com,Standard
308,Matthew Rich,,2020-11-23,2021-08-03,362.7,EUR,424.0,East,m.rich@gmail.com,Standard
309,Shane Taylor,07-25-2001,2020-11-01,2021-03-24,876.95,EUR,612.0,East,s.taylor@gmail.com,Premium
310,Richard Luna,09-16-2010,2020-01-11,2021-04-13,305.93,EUR,517.0,East,r.luna@gmail.com,Basic
311,Brenda Caldwell,,2020-01-26,2021-11-06,444.58,USD,691.0,N/A,b.caldwell@gmail.com,Standard
312,Maria Johnson,,2020-06-19,2021-03-12,87.67,USD,281.0,West,m.johnson@outlook.com,Standard
313,Danielle Ferguson,07-21-1992,2020-05-04,2021-05-09,35.1,USD,319.0,West,,Standard
314,Jack Wallace,09-07-1990,2020-03-05,2021-01-27,1251.93,GBP,737.0,North,j.wallace@outlook.com,Standard
315,Justin Sullivan,10-28-1980,2020-10-16,2021-11-25,837.62,USD,442.0,West,j.sullivan@gmail.com,Standard
316,,04-12-1987,2020-04-15,2021-09-04,768.91,EUR,951.0,East,a.bennett@outlook.com,Basic
317,Stephanie Clark,04-23-1998,2020-02-05,2021-07-10,456.35,EUR,314.0,South,s.clark@gmail.com,Basic
318,Scott Stephenson,09-22-1980,2020-10-10,2021-10-11,236.03,GBP,876.0,East,s.stephenson@gmail.com,Basic
319,Pamela Foster,01-28-2018,2020-04-16,2021-02-22,214.33,GBP,965.0,East,p.foster@outlook.com,
320,Zoe Moore,08-11-1986,2020-10-27,2021-12-31,257.74,USD,740.0,West,z.moore@gmail.com,Standard
321,Christopher Weiss,03-09-1987,2020-04-20,2021-09-22,719.85,GBP,,,c.weiss@outlook.com,Standard
322,Ethan Pena,05-31-1989,2020-04-29,2021-03-05,,EUR,288.0,N/A,,Basic
323,Kimberly Monroe,06-10-2013,2020-06-17,2021-05-26,729.96,EUR,436.0,South,k.monroe@outlook.com,
324,Austin Bell,10-22-1994,2020-03-16,2021-02-12,,EUR,661.0,South,a.bell@outlook.com,Premium
325,Janice Kent,01-25-2017,2020-11-01,2021-03-24,,EUR,276.0,North,j.kent@outlook.com,Premium
326,Justin Long,05-23-1995,2020-01-02,2021-05-20,,GBP,709.0,East,j.long@yahoo.com,
327,Alejandra Hendrix,01-08-1979,2020-05-21,2021-08-19,558.81,USD,581.0,n/a,a.hendrix@yahoo.com,Basic
328,Elizabeth Ibarra,06-01-1987,2020-03-15,2021-09-20,615.6,USD,502.0,N/A,e.ibarra@yahoo.com,Standard
329,Erin White,07-30-1996,2020-03-07,2021-03-17,553.02,GBP,623.0,N/A,,Standard
330,Jessica Waters,05-30-1990,2020-10-03,2021-08-12,255.25,USD,515.0,West,j.waters@yahoo.com,Basic
331,Sharon Smith,,2020-05-08,2021-02-16,398.65,EUR,349.0,East,s.smith@outlook.com,Premium
332,Micheal Young,02-05-1986,2020-03-30,2021-04-24,988.35,GBP,842.0,South,m.young@gmail.com,Basic
333,Joseph Thomas,02-12-1997,2020-02-26,2021-08-19,31.52,GBP,445.0,,,Basic
334,Denise Mcfarland,04-09-1971,2020-12-04,2021-06-28,137.4,EUR,829.0,East,d.mcfarland@outlook.com,Basic
335,Stephanie Moreno,12-02-2017,2020-01-14,2021-01-14,55.54,USD,349.0,South,s.moreno@gmail.com,Basic
336,Marc Short,05-10-1981,2020-03-08,2021-08-01,65.42,GBP,606.0,,,Basic
337,Jason Harrison,08-11-1994,2020-01-08,2021-01-28,856.91,USD,663.0,N/A,j.harrison@yahoo.com,Basic
338,Ray Steele,,2020-07-02,2021-07-22,777.28,EUR,822.0,South,r.steele@yahoo.com,Basic
339,Autumn Gonzales,11-22-1974,2020-05-01,2021-09-15,479.43,USD,136.0,West,a.gonzales@yahoo.com,Basic
340,Ethan Harris,03-17-1996,2020-10-28,2021-07-11,138.92,GBP,758.0,N/A,e.harris@gmail.com,Premium
341,Gregory Myers,04-30-1981,2020-06-14,2021-05-01,,GBP,898.0,,g.myers@yahoo.com,Basic
342,Frank Dyer,01-15-2014,2020-01-09,2021-07-17,478.74,USD,242.0,East,f.dyer@outlook.com,Standard
343,Michael Brady,03-16-1979,2020-03-30,2021-02-11,235.91,GBP,542.0,West,m.brady@gmail.com,Standard
344,Mr. Cody Smith,02-06-1971,2020-05-15,2021-07-11,439.51,USD,39.0,West,m.cody@gmail.com,Standard
345,Anthony Shepard,07-06-1995,2020-01-27,2021-04-25,525.88,GBP,228.0,West,a.shepard@yahoo.com,Standard
346,Kyle Meyers,02-11-2012,2020-03-05,2021-01-15,805.6,GBP,547.0,South,k.meyers@outlook.com,Basic
347,Luis Grant,12-12-2012,2020-08-03,2021-06-13,,GBP,919.0,East,,Standard
348,Anthony Walton,07-08-2009,2020-09-26,2021-02-20,54.85,USD,222.0,South,a.walton@yahoo.com,Standard
349,Kenneth Delgado,07-26-2000,2020-02-28,2022-01-01,495.13,GBP,5.0,South,,Standard
350,Jason Henderson,07-17-1986,2020-02-02,2021-11-29,818.48,GBP,,n/a,j.henderson@gmail.com,Basic
351,Frank Anderson,08-11-1974,2020-08-31,2021-06-21,508.1,USD,467.0,West,f.anderson@yahoo.com,Standard
352,,08-26-1992,2020-08-17,2021-03-16,857.92,USD,731.0,South,k.mann@gmail.com,Premium
353,Julie Ryan,11-10-2012,2020-07-04,2021-03-12,728.32,EUR,74.0,,j.ryan@gmail.com,Standard
354,Timothy Wise,,2020-09-19,2021-01-20,171.31,USD,3.0,North,t.wise@gmail.com,Premium
355,Jasmine Watkins,11-12-1975,2020-10-30,2021-05-27,79.86,USD,846.0,N/A,j.watkins@yahoo.com,Premium
356,Travis Mccoy,12-13-2005,2020-02-25,2021-08-30,,GBP,645.0,North,,Basic
357,Robert Bennett,02-12-2014,2020-08-19,2021-12-23,39.88,EUR,117.0,North,,Standard
358,Betty Hunt,08-24-1976,2020-09-14,2021-03-13,,USD,880.0,North,b.hunt@gmail.com,Basic
359,Todd Alexander,10-23-1974,2020-04-23,2021-12-28,1223.08,GBP,605.0,,t.alexander@outlook.com,Standard
360,Christopher King,08-12-1983,2020-11-10,2021-08-29,579.72,USD,503.0,West,c.king@gmail.com,Basic
361,Janice Walker,05-21-1983,2020-01-23,2021-08-18,512.58,GBP,997.0,South,,Basic
362,Caleb Steele,04-05-1997,2020-12-03,2021-11-12,840.92,GBP,946.0,South,c.steele@gmail.com,Basic
363,Vickie Martinez,08-23-1977,2020-09-23,2021-01-03,602.77,GBP,573.0,North,v.martinez@yahoo.com,Basic
364,Chelsea Valdez,04-07-1992,2020-06-03,2021-02-10,605.18,EUR,440.0,South,c.valdez@yahoo.com,
365,Willie Nguyen,08-17-1980,2020-08-22,2021-01-10,,GBP,193.0,North,w.nguyen@gmail.com,Standard
366,Ariel Davis,05-04-2007,2020-11-25,2021-05-12,392.24,USD,846.0,South,a.davis@yahoo.com,Standard
367,Ryan Zamora,04-01-1990,2020-01-16,2021-04-21,961.58,USD,714.0,N/A,r.zamora@gmail.com,Basic
368,Brandon Rogers,11-18-2016,2020-02-01,2021-03-18,1178.19,GBP,391.0,West,b.rogers@outlook.com,
369,Michelle Lester,02-16-2004,2020-09-02,2021-10-08,264.98,GBP,25.0,East,m.lester@yahoo.com,Basic
370,Leah Rodriguez,,2020-07-24,2021-11-08,102.27,GBP,434.0,North,,Basic
371,Jodi Nixon,09-20-2009,2020-08-06,2021-09-28,120.75,EUR,172.0,N/A,j.nixon@yahoo.com,Standard
372,Jennifer Smith,09-04-1996,2020-12-17,2021-08-05,36.45,GBP,299.0,,j.smith@yahoo.com,Basic
373,Jennifer Patterson,06-21-2008,2020-02-25,2021-02-26,113.85,EUR,644.0,West,j.patterson@outlook.com,Basic
374,,05-25-1997,2020-09-08,2021-05-28,892.03,GBP,325.0,West,j.kelly@outlook.com,
375,Jessica Thompson,05-28-1975,2020-12-30,2021-05-02,,USD,409.0,North,,Standard
376,Collin Stanley,11-26-1978,2020-08-15,2021-06-04,,EUR,117.0,North,c.stanley@yahoo.com,Standard
377,Jacob Dillon,08-22-1988,2020-02-07,2021-03-04,1100.36,GBP,835.0,N/A,j.dillon@yahoo.com,Standard
378,William Douglas,12-06-1988,2020-02-11,2021-01-25,42.95,GBP,786.0,N/A,w.douglas@outlook.com,Premium
379,Allison Vasquez,09-28-1993,2020-06-13,2021-05-03,1061.22,GBP,723.0,West,a.vasquez@gmail.com,Standard
380,Brenda Smith,04-14-1977,2020-11-07,2021-08-03,375.75,GBP,224.0,North,b.smith@outlook.com,Standard
381,Adam Hill,02-03-1984,2020-03-16,2021-11-24,126.98,USD,531.0,North,a.hill@outlook.com,Premium
382,Michelle Mason,07-09-1991,2020-02-03,2021-11-15,769.75,EUR,112.0,N/A,m.mason@gmail.com,Standard
383,Gilbert Price,,2020-03-05,2021-08-23,822.44,GBP,139.0,East,g.price@yahoo.com,Standard
384,Jessica Calderon,09-25-1976,2020-05-20,2021-02-02,,EUR,558.0,N/A,,Premium
385,Erika Franklin,01-17-1984,2020-11-15,2021-02-26,811.49,EUR,0.0,East,e.franklin@outlook.com,
386,,03-29-1970,2020-11-20,2021-09-13,1047.08,GBP,89.0,North,,Standard
387,Michael Mitchell,08-26-2006,2020-10-26,2021-11-02,375.97,GBP,653.0,N/A,,Standard
388,Jonathan Gonzalez,06-02-2010,2020-10-07,2021-10-02,204.24,EUR,319.0,West,j.gonzalez@gmail.com,Basic
389,Candice Whitaker,02-28-2012,2020-12-30,2021-01-09,828.42,EUR,549.0,South,c.whitaker@gmail.com,Basic
390,Scott Bullock,02-17-1996,2020-06-15,2021-11-20,,EUR,804.0,North,s.bullock@outlook.com,Standard
391,Jessica Sheppard,12-05-1972,2020-07-14,2021-09-21,990.6,USD,,north,j.sheppard@yahoo.com,Basic
392,Wayne Robinson,10-08-1990,2020-11-01,2021-10-22,418.49,USD,138.0,N/A,w.robinson@yahoo.com,
393,Diane Thompson,11-06-1995,2020-09-28,2021-05-04,378.3,USD,510.0,South,d.thompson@gmail.com,
394,Kimberly Johnson,05-14-1995,2020-05-30,2021-03-15,,EUR,867.0,South,k.johnson@gmail.com,Basic
395,John Bailey,09-25-2010,2020-08-20,2021-05-30,347.4,USD,844.0,south,j.bailey@yahoo.com,Basic
396,Erica Larson,05-21-1976,2020-09-15,2021-08-08,1210.88,GBP,258.0,N/A,e.larson@gmail.com,Basic
397,Michael Torres,12-10-1990,2020-11-05,2021-01-01,,EUR,672.0,N/A,,Basic
398,Gina Sanders,09-25-1993,2020-08-08,2021-11-11,434.7,USD,901.0,East,g.sanders@outlook.com,Basic
399,Thomas Doyle,,2020-02-20,2021-06-30,979.37,GBP,689.0,East,t.doyle@gmail.com,Standard
400,Jose Watkins,02-21-2008,2020-12-25,2021-05-04,984.1,GBP,9.0,East,j.watkins@outlook.com,Basic
401,Allison Thomas,04-18-1980,2020-02-28,2021-10-20,112.09,USD,260.0,West,a.thomas@gmail.com,Basic
402,Felicia Jacobs DDS,,2020-12-01,2021-08-02,1174.59,GBP,918.0,,f.jacobs@gmail.com,
403,Jonathan Young,03-03-1990,2020-11-29,2021-04-06,663.26,GBP,649.0,East,j.young@outlook.com,Standard
404,Joseph Mason,05-15-1983,2020-10-09,2021-12-07,911.01,EUR,,West,j.mason@outlook.com,Standard
405,Cindy Petty,10-31-1993,2020-04-20,2021-12-09,424.9,GBP,897.0,West,c.petty@gmail.com,Premium
406,,10-05-1982,2020-08-08,2021-02-13,986.23,EUR,12.0,N/A,k.gomez@outlook.com,
407,Christine Bowman,,2020-08-19,2021-09-26,,GBP,167.0,South,c.bowman@yahoo.com,
408,Rebecca Campos,05-09-1975,2020-04-26,2021-07-04,22.8,EUR,,South,r.campos@yahoo.com,Standard
409,Andrew Kelly,11-19-1984,2020-07-30,2021-02-04,1178.23,GBP,595.0,East,a.kelly@outlook.com,Standard
410,Craig Newton,08-06-1997,2020-06-22,2021-09-27,100.37,USD,320.0,North,c.newton@yahoo.com,Standard
411,Kimberly Oconnell,11-23-1995,2020-08-20,2021-10-06,423.96,GBP,318.0,North,k.oconnell@yahoo.com,Basic
412,Christine Mullins,05-26-2009,2020-07-23,2021-09-17,950.56,USD,612.0,North,c.mullins@yahoo.com,Standard
413,Debra Russell MD,02-26-1981,2020-07-31,2021-09-17,1236.43,GBP,328.0,West,,Basic
414,David Watts,01-19-2012,2020-02-18,2021-10-11,577.7,USD,784.0,West,d.watts@yahoo.com,Basic
415,Amanda Bates,04-13-1997,2020-06-09,2021-01-11,635.52,USD,776.0,West,a.bates@yahoo.com,
416,Christopher Shields,02-10-2006,2020-08-06,2021-07-19,499.36,EUR,970.0,N/A,c.shields@outlook.com,Standard
417,John Hawkins,06-04-1994,2020-06-09,2021-08-29,300.28,USD,910.0,West,,
418,Jay Vaughan,11-25-2014,2020-12-06,2021-01-23,435.99,GBP,919.0,North,j.vaughan@gmail.com,Basic
419,Vanessa Bell,06-12-2018,2020-05-10,2021-11-22,675.79,USD,549.0,North,,Standard
420,Nicole Ellison,04-20-2014,2020-07-10,2021-07-18,981.3,GBP,418.0,South,n.ellison@outlook.com,
421,Victoria Harmon,04-10-2009,2020-03-19,2021-07-11,793.66,USD,605.0,North,v.harmon@gmail.com,
422,Shannon Smith,03-20-1977,2020-12-17,2021-05-10,1029.24,GBP,94.0,West,s.smith@gmail.com,Basic
423,Marie Harris,07-30-1973,2020-08-30,2021-01-09,130.38,GBP,,West,m.harris@yahoo.com,
424,Joshua Torres,10-04-2008,2020-02-04,2021-07-02,649.32,GBP,580.0,East,j.torres@yahoo.com,Premium
425,Dylan King Jr.,12-01-1998,2020-02-16,2021-02-04,,GBP,,N/A,d.king@gmail.com,Standard
426,Richard Anderson,06-18-1992,2020-02-13,2021-06-26,720.24,GBP,955.0,North,r.anderson@outlook.com,Standard
427,Tyler Barber,04-27-1972,2020-02-17,2021-05-04,447.12,USD,235.0,N/A,t.barber@outlook.com,Basic
428,Mark Gonzalez,03-12-1978,2020-08-09,2021-12-03,1155.48,GBP,945.0,North,m.gonzalez@yahoo.com,Standard
429,Brittney Meyer,07-16-1990,2020-02-19,2021-11-18,357.41,USD,333.0,,b.meyer@gmail.com,Basic
430,Matthew Perkins,11-11-1971,2020-07-09,2021-02-23,138.49,EUR,884.0,south,m.perkins@yahoo.com,Premium
431,David Lewis,03-07-1994,2020-03-07,2021-10-25,166.72,EUR,375.0,N/A,d.lewis@outlook.com,
432,Alex Roberts,08-11-1973,2020-10-11,2021-06-20,,USD,458.0,West,a.roberts@gmail.com,Premium
433,Dwayne Ibarra,09-19-1985,2020-01-31,2021-03-10,808.65,GBP,136.0,East,d.ibarra@yahoo.com,
434,Chloe Flowers,,2020-10-27,2021-01-23,,USD,929.0,North,c.flowers@yahoo.com,Basic
435,Kyle Rodriguez,,2020-10-14,2021-06-30,102.6,EUR,587.0,North,k.rodriguez@outlook.com,Basic
436,Mary Smith,09-03-2009,2020-10-14,2021-10-07,,USD,994.0,East,m.smith@yahoo.com,
437,Jason Thomas Jr.,12-15-1994,2020-06-17,2021-06-23,82.04,USD,,N/A,j.thomas@outlook.com,Basic
438,Adam Moore,04-14-1986,2020-12-09,2021-11-26,1070.73,GBP,512.0,N/A,a.moore@outlook.com,Standard
439,Melanie Jones,02-08-2009,2020-03-03,2021-03-31,780.1,EUR,295.0,North,m.jones@gmail.com,Basic
440,Cynthia Woods,02-11-2014,2020-07-29,2021-12-17,117.7,GBP,319.0,,c.woods@gmail.com,Basic
441,,03-09-1978,2020-06-30,2021-08-26,122.19,GBP,917.0,east,,
442,Danielle Molina,03-02-2012,2020-12-06,2021-12-23,986.77,USD,571.0,North,d.molina@outlook.com,
443,Cory Preston,03-20-2001,2020-08-04,2021-09-03,380.53,USD,831.0,South,c.preston@outlook.com,Basic
444,Holly Anderson,08-20-2006,2020-01-27,2021-11-20,376.94,USD,348.0,N/A,h.anderson@gmail.com,Standard
445,Shawna Cruz,11-26-1999,2020-05-27,2021-04-04,,USD,839.0,South,s.cruz@gmail.com,
446,Allison Cox,10-21-1998,2020-11-03,2021-03-11,1232.11,GBP,778.0,West,a.cox@outlook.com,Basic
447,Amber Richardson,05-21-1979,2020-06-08,2021-02-02,1281.98,GBP,872.0,North,a.richardson@gmail.com,
448,Tina Frank,06-05-1984,2020-06-29,2021-08-23,755.84,USD,228.0,,,
449,Stacie Graham,,2020-02-23,2021-01-19,382.5,USD,269.0,,s.graham@outlook.com,Basic
450,Anthony Chang,12-06-2006,2020-10-22,2021-05-31,,EUR,827.0,N/A,a.chang@gmail.com,Basic
451,Gregory Parker,06-14-2014,2020-09-16,2021-04-14,,GBP,797.0,South,g.parker@yahoo.com,
452,Stanley Martinez,11-10-1995,2020-04-18,2021-01-23,731.67,GBP,290.0,,,Premium
453,James Bolton,12-05-2005,2020-03-20,2021-04-13,558.97,GBP,724.0,West,j.bolton@yahoo.com,Standard
454,Robert White,04-17-1973,2020-12-02,2021-01-22,907.29,USD,164.0,N/A,r.white@yahoo.com,Premium
455,Christopher Arnold,10-21-2010,2020-09-03,2021-06-11,120.09,USD,4.0,East,c.arnold@outlook.com,Basic
456,Debra Reynolds,11-25-1977,2020-04-24,2021-06-08,497.7,USD,850.0,west,d.reynolds@yahoo.com,
457,Melissa Fox,03-21-1998,2020-02-25,2021-09-21,23.36,EUR,378.0,South,m.fox@gmail.com,Premium
458,Lori Green,08-23-1992,2020-06-28,2021-07-23,473.97,USD,,North,l.green@gmail.com,Standard
459,Sydney Griffin,01-02-1999,2020-10-11,2021-10-06,72.31,EUR,409.0,N/A,s.griffin@gmail.com,Premium
460,,,2020-07-07,2021-08-31,127.63,USD,573.0,East,p.king@yahoo.com,Standard
461,Erica Davidson,04-06-2006,2020-02-28,2021-05-10,164.26,GBP,131.0,North,e.davidson@gmail.com,Basic
462,Daniel Townsend,03-02-2016,2020-05-22,2021-01-19,717.99,EUR,600.0,North,d.townsend@yahoo.com,Standard
463,Mary Whitaker,02-07-1970,2020-10-20,2021-11-28,748.58,USD,748.0,,m.whitaker@gmail.com,Basic
464,Jonathan Gardner,09-05-2018,2020-04-25,2021-04-08,587.54,USD,41.0,South,j.gardner@outlook.com,
465,Michele Harmon,06-13-2011,2020-08-07,2021-05-27,1251.32,GBP,88.0,North,m.harmon@yahoo.com,Basic
466,Joshua Silva,01-28-2007,2020-10-14,2021-07-02,381.12,USD,401.0,,j.silva@yahoo.com,
467,Ashley Sullivan,11-12-1974,2020-11-14,2021-01-25,380.71,GBP,295.0,N/A,a.sullivan@gmail.com,Basic
468,Vanessa Bennett,10-30-1986,2020-11-10,2021-12-02,869.91,USD,839.0,N/A,v.bennett@outlook.com,
469,Clinton Vazquez,07-06-2016,2020-12-11,2021-06-19,254.5,EUR,294.0,N/A,c.vazquez@gmail.com,Basic
470,Michelle Baker,06-16-2002,2020-11-25,2021-05-20,1059.95,EUR,615.0,West,m.baker@gmail.com,Standard
471,Craig Nguyen,09-21-2014,2020-10-12,2021-03-05,28.64,GBP,525.0,East,,Basic
472,Austin Hall,08-28-2009,2020-01-14,2021-07-08,970.18,USD,799.0,North,a.hall@outlook.com,Standard
473,Kimberly Barrett,08-19-1974,2020-11-07,2021-08-12,68.55,GBP,690.0,East,k.barrett@gmail.com,Basic
474,Daniel Mata,04-06-1988,2020-12-02,2021-07-24,1159.9,GBP,636.0,West,d.mata@outlook.com,Standard
475,Danielle Sullivan,12-16-1993,2020-12-21,2021-08-14,532.42,USD,421.0,West,d.sullivan@gmail.com,Standard
476,Miranda Kent,04-10-2019,2020-05-16,2021-07-17,1092.34,EUR,864.0,,m.kent@yahoo.com,Basic
477,Roberto Perry,10-03-1981,2020-01-15,2021-06-23,91.37,EUR,22.0,East,r.perry@gmail.com,Basic
478,Ariel Mercado,11-04-1995,2020-04-02,2021-04-06,725.82,GBP,574.0,,a.mercado@yahoo.com,Premium
479,Tara Livingston,04-22-2009,2020-05-19,2021-09-12,1260.49,GBP,142.0,west,t.livingston@gmail.com,Basic
480,Albert Phillips,06-27-2013,2020-12-25,2021-12-21,,GBP,992.0,West,a.phillips@outlook.com,Basic
481,Denise Barton,11-22-1980,2020-06-07,2021-09-12,696.41,EUR,664.0,South,d.barton@yahoo.com,Standard
482,Christopher Lee,,2020-06-22,2021-07-08,768.67,EUR,144.0,N/A,c.lee@outlook.com,Basic
483,Sandra Lawson,06-21-1991,2020-06-28,2021-09-23,506.0,EUR,224.0,West,s.lawson@yahoo.com,
484,Scott Blankenship,03-17-1984,2020-01-04,2021-05-17,820.66,GBP,502.0,North,s.blankenship@yahoo.com,Standard
485,Alexa Wright,11-17-1997,2020-04-02,2021-02-12,765.01,GBP,961.0,N/A,a.wright@gmail.com,Premium
486,Jessica Moss,03-25-1971,2020-03-14,2021-08-06,992.36,EUR,973.0,East,j.moss@gmail.com,
487,Victor Cruz,08-09-2006,2020-10-16,2021-02-10,,GBP,820.0,South,v.cruz@gmail.com,Basic
488,Aaron Brown,05-13-1978,2020-12-02,2021-08-09,316.96,EUR,615.0,North,a.brown@gmail.com,Basic
489,Jared Martinez,02-27-1990,2020-07-24,2021-11-05,1046.0,EUR,103.0,north,j.martinez@outlook.com,
490,Jason Davis,03-06-1980,2020-02-05,2021-04-03,980.5,EUR,946.0,East,j.davis@gmail.com,
491,Joseph Bridges,05-26-2011,2020-03-13,2021-10-07,461.1,USD,38.0,,j.bridges@gmail.com,Standard
492,Melissa Martinez,07-16-1980,2020-11-20,2021-05-31,623.93,USD,946.0,West,m.martinez@yahoo.com,Basic
493,Amanda Sullivan,10-25-1983,2020-01-16,2021-06-14,369.99,GBP,197.0,South,a.sullivan@outlook.com,Basic
494,,09-17-2014,2020-02-16,2021-02-22,196.24,USD,645.0,West,b.carroll@outlook.com,
495,Nathaniel Hicks,03-08-1996,2020-09-28,2021-02-10,515.97,EUR,578.0,East,n.hicks@yahoo.com,Premium
496,Nancy Gomez,08-27-2015,2020-04-20,2021-06-17,467.77,GBP,,East,n.gomez@yahoo.com,Basic
497,Charles Gomez,07-13-1994,2020-07-11,2021-12-05,646.6,EUR,178.0,North,c.gomez@gmail.com,Premium
498,Kevin Harrison,04-11-2007,2020-08-02,2021-06-01,,EUR,967.0,North,k.harrison@outlook.com,
499,Alexis Branch,04-15-2013,2020-08-20,2021-06-06,1267.04,GBP,553.0,North,a.branch@gmail.com,Basic
500,Peter Carrillo,05-13-2012,2020-06-23,2021-08-17,1084.99,EUR,447.0,East,p.carrillo@yahoo.com,Basic
